"id","chapter","clause_id/id","complete_name","info","name","position_excel"
"hola_calidad_requirement_907_df709f9c","4_context","hola_calidad_clause_123_cff6204e","Determinar las cuestiones externas e internas que son pertinentes para su propósito y su dirección estratégica, y que afectan su capacidad para lograr los resultados previstos de su SGC.","","4.1.1","A15"
"hola_calidad_requirement_908_bdec52b5","4_context","hola_calidad_clause_123_cff6204e","Realizar el seguimiento y la revisión de la información sobre estas cuestiones externas e internas.","","4.1.2","A16"
"hola_calidad_requirement_909_3d35670f","4_context","hola_calidad_clause_124_af2443a4","Determinar las partes interesadas que son pertinentes al SGC.","","4.2.1","A19"
"hola_calidad_requirement_910_36546791","4_context","hola_calidad_clause_124_af2443a4","Determinar los requisitos pertinentes de estas partes interesadas para el SGC","","4.2.2","A20"
"hola_calidad_requirement_911_81c33cff","4_context","hola_calidad_clause_124_af2443a4","Realizar el seguimiento y la revisión de la información sobre estas partes interesadas y sus requisitos pertinentes.","","4.2.3","A21"
"hola_calidad_requirement_912_e311b92d","4_context","hola_calidad_clause_125_02395ff7","Determinar los limites y la aplicabilidad del SGC para establecer su alcance.","","4.3.1","A24"
"hola_calidad_requirement_913_8c4c52c6","4_context","hola_calidad_clause_125_02395ff7","Considerar las cuestiones externas e internas indicadas en al apartado 4.1.","","4.3.2","A25"
"hola_calidad_requirement_914_6c2e6b75","4_context","hola_calidad_clause_125_02395ff7","Considerar los requisitos de las partes interesadas pertinentes indicados en el apartado 4.2.","","4.3.3","A26"
"hola_calidad_requirement_915_04de5da2","4_context","hola_calidad_clause_125_02395ff7","Considerar los productos y servicios de la organización","","4.3.4","A27"
"hola_calidad_requirement_916_c9024016","4_context","hola_calidad_clause_125_02395ff7","Establecer los tipos de productos y servicios cubiertos, y proporcionar una justificación para cualquier requisito de esta Norma Internacional que la organización determine que no es aplicable para el alcance de su SGC.","","4.3.5","A28"
"hola_calidad_requirement_917_52b3ae1a","4_context","hola_calidad_clause_126_08af1a91","Establecer, implementar, mantener y mejorar continuamente un SGC, incluidos los procesos necesarios y sus interacciones, de acuerdo con los requisitos de esta Norma Internacional.","","4.4.1.1","A31"
"hola_calidad_requirement_918_990eb2bf","4_context","hola_calidad_clause_126_08af1a91","Determinar los procesos necesarios para el SGC y su aplicación a través de la organización","","4.4.1.2","A32"
"hola_calidad_requirement_919_579ab27b","4_context","hola_calidad_clause_126_08af1a91","Determinar las entradas requeridas y las salidas esperadas de estos procesos","","4.4.1.3","A33"
"hola_calidad_requirement_920_71dcd632","4_context","hola_calidad_clause_126_08af1a91","Determinar la secuencia e interacción de estos procesos","","4.4.1.4","A34"
"hola_calidad_requirement_921_f0d17ed1","4_context","hola_calidad_clause_126_08af1a91","Determinar y aplicar los criterios y los métodos (incluyendo el seguimiento, las mediciones y los indicadores del desempeño relacionado)","","4.4.1.5","A35"
"hola_calidad_requirement_922_170e6829","4_context","hola_calidad_clause_126_08af1a91","Determinar los recursos necesarios para estos procesos y asegurarse de su disponibilidad","","4.4.1.6","A36"
"hola_calidad_requirement_923_49ce57d6","4_context","hola_calidad_clause_126_08af1a91","Asignar las responsabilidades y autoridades para estos procesos","","4.4.1.7","A37"
"hola_calidad_requirement_924_6a769fd2","4_context","hola_calidad_clause_126_08af1a91","Abordar los riesgos y oportunidades determinados de acuerdo con los requisitos del apartado 6.1","","4.4.1.8","A38"
"hola_calidad_requirement_925_478dd3f5","4_context","hola_calidad_clause_126_08af1a91","Evaluar estos procesos e implementar cualquier cambio necesario para asegurarse de que estos procesos logran los resultados previstos","","4.4.1.9","A39"
"hola_calidad_requirement_926_2f9ea015","4_context","hola_calidad_clause_126_08af1a91","Mejorar los procesos y el SGC.","","4.4.1.10","A40"
"hola_calidad_requirement_927_b5c99739","4_context","hola_calidad_clause_126_08af1a91","Mantener información documentada para apoyar la operación de sus procesos","","4.4.2.1","A42"
"hola_calidad_requirement_928_9aeee39b","4_context","hola_calidad_clause_126_08af1a91","Conservar la información documentada para tener la confianza de que los procesos se realizan según lo planificado.","","4.4.2.2","A43"
"hola_calidad_requirement_929_3435ac12","5_leadership","hola_calidad_clause_127_ec3d1e8d","Demostrar liderazgo y compromiso con respecto al SGC:","","5.1.1.1","A47"
"hola_calidad_requirement_930_529c1970","5_leadership","hola_calidad_clause_127_ec3d1e8d","Asumir la responsabilidad y obligación de rendir cuentas con relación a la eficacia del SGC","","5.1.1.2","A48"
"hola_calidad_requirement_931_455e971f","5_leadership","hola_calidad_clause_127_ec3d1e8d","Asegurar que se establezcan la política de calidad y los objetivos de la calidad para el SGC, y que estos sean compatibles con el contexto y la dirección estratégica de la organización","","5.1.1.3","A49"
"hola_calidad_requirement_932_cd27dcfd","5_leadership","hola_calidad_clause_127_ec3d1e8d","Asegurar de la integración de los requisitos del SGC en los procesos de negocio de la organización","","5.1.1.4","A50"
"hola_calidad_requirement_933_dd432075","5_leadership","hola_calidad_clause_127_ec3d1e8d","Promover el uso del enfoque a procesos y el pensamiento basado en riesgos","","5.1.1.5","A51"
"hola_calidad_requirement_934_b931912a","5_leadership","hola_calidad_clause_127_ec3d1e8d","Asegurar de que los recursos necesarios para el SGC estén disponibles","","5.1.1.6","A52"
"hola_calidad_requirement_935_3cf1b585","5_leadership","hola_calidad_clause_127_ec3d1e8d","Comunicar la importancia de una gestión de la calidad eficaz y conforme con los requisitos del SGC","","5.1.1.7","A53"
"hola_calidad_requirement_936_2bbb4123","5_leadership","hola_calidad_clause_127_ec3d1e8d","Asegurarse de que el SGC logre los resultados previstos","","5.1.1.8","A54"
"hola_calidad_requirement_937_50d30c03","5_leadership","hola_calidad_clause_127_ec3d1e8d","Comprometer, dirigir y apoyar a las personas, para contribuir a la eficacia del SGC","","5.1.1.9","A55"
"hola_calidad_requirement_938_96ac9b7a","5_leadership","hola_calidad_clause_127_ec3d1e8d","Promover la mejora","","5.1.1.10","A56"
"hola_calidad_requirement_939_fd62b7a6","5_leadership","hola_calidad_clause_127_ec3d1e8d","Apoyar a otros roles pertinentes de la dirección, para demostrar su liderazgo en la forma en la que aplique a sus áreas de responsabilidad","","5.1.1.11","A57"
"hola_calidad_requirement_940_e0899301","5_leadership","hola_calidad_clause_127_ec3d1e8d","Demostrar liderazgo y compromiso con respecto al enfoque al cliente","","5.1.2.1","A59"
"hola_calidad_requirement_941_0a4a6d92","5_leadership","hola_calidad_clause_127_ec3d1e8d","Asegurarse que se determinan, se comprenden y se cumplen regularmente los requisitos del cliente y los legales y reglamentarios aplicables","","5.1.2.2","A60"
"hola_calidad_requirement_942_33acb555","5_leadership","hola_calidad_clause_127_ec3d1e8d","Asegurar que se determinan y se consideran los riesgos y oportunidades que pueden afectar a la conformidad de los productos y servicios y a la capacidad del cliente","","5.1.2.3","A61"
"hola_calidad_requirement_943_13e09b4d","5_leadership","hola_calidad_clause_127_ec3d1e8d","Asegurar que se mantiene el enfoque en el aumento de la satisfacción del cliente.","","5.1.2.4","A62"
"hola_calidad_requirement_944_7efe7882","5_leadership","hola_calidad_clause_128_a3b36694","Establecer, implementar y mantener una política de la calidad","","5.2.1.1","A65"
"hola_calidad_requirement_945_218576f8","5_leadership","hola_calidad_clause_128_a3b36694","Establecer, implementar y mantener una política de la calidad que sea apropiada al propósito y contexto de la organización y apoye su dirección estratégica","","5.2.1.2","A66"
"hola_calidad_requirement_946_d9ab2e25","5_leadership","hola_calidad_clause_128_a3b36694","Establecer, implementar y mantener una política de la calidad que proporcione un marco de referencia para el establecimiento de los objetivos de la calidad","","5.2.1.3","A67"
"hola_calidad_requirement_947_0816f278","5_leadership","hola_calidad_clause_128_a3b36694","Establecer, implementar y mantener una política de la calidad que incluya un compromiso de cumplir los requisitos aplicables","","5.2.1.4","A68"
"hola_calidad_requirement_948_391813e5","5_leadership","hola_calidad_clause_128_a3b36694","Establecer, implementar y mantener una política de la calidad que incluya un compromiso de mejora continua del SGC.","","5.2.1.5","A69"
"hola_calidad_requirement_949_373b8baa","5_leadership","hola_calidad_clause_128_a3b36694","Estar disponible y mantenerse como información documentada","","5.2.2.1","A71"
"hola_calidad_requirement_950_9d3cd382","5_leadership","hola_calidad_clause_128_a3b36694","Comunicarse, entenderse y aplicarse dentro de la organización","","5.2.2.2","A72"
"hola_calidad_requirement_951_da437723","5_leadership","hola_calidad_clause_128_a3b36694","Estar disponible para las partes interesadas pertinentes, según corresponda.","","5.2.2.3","A73"
"hola_calidad_requirement_952_95c25113","5_leadership","hola_calidad_clause_129_2f5abd1d","Asegurar de que las responsabilidades y autoridades para los roles pertinentes se asignan, se comuniquen y se entiendan en toda la organización.","","5.3.1","A76"
"hola_calidad_requirement_953_f9a14c96","5_leadership","hola_calidad_clause_129_2f5abd1d","A signar la responsabilidad y autoridad para asegurarse de que el SGC es conforme con los requisitos de esta Norma Internacional","","5.3.2","A77"
"hola_calidad_requirement_954_9ae56150","5_leadership","hola_calidad_clause_129_2f5abd1d","Asignar la responsabilidad y autoridad para asegurarse de que los procesos están generando y proporcionando las salidas previstas","","5.3.3","A78"
"hola_calidad_requirement_955_8f4a9a01","5_leadership","hola_calidad_clause_129_2f5abd1d","Asignar la responsabilidad y autoridad para Informar, en particular, a la alta dirección sobre el desempeño del SGC y sobre las oportunidades de mejora (véase 10.1)","","5.3.4","A79"
"hola_calidad_requirement_956_9a0762c6","5_leadership","hola_calidad_clause_129_2f5abd1d","Asegurarse de que se promueve el enfoque al cliente en toda la organización","","5.3.5","A80"
"hola_calidad_requirement_957_94fc1d72","5_leadership","hola_calidad_clause_129_2f5abd1d","Asignar la responsabilidad y autoridad para asegurarse de que la integridad del SGC se mantiene cuando se planifican e implementan cambios en el SGC","","5.3.6","A81"
"hola_calidad_requirement_958_c9119d2f","6_planning","hola_calidad_clause_130_3831005a","Considerar las cuestiones referidas en el apartado 4,1 y los requisitos referidos en el apartado 4,2 y determinar los riesgos y oportunidades que es necesario abordar.","","6.1.1.1","A85"
"hola_calidad_requirement_959_dd3f1637","6_planning","hola_calidad_clause_130_3831005a","Determinar los riesgos y oportunidades que es necesario abordar con el fin de asegurar que el SGC pueda lograr sus resultados previstos","","6.1.1.2","A86"
"hola_calidad_requirement_960_b3b780a3","6_planning","hola_calidad_clause_130_3831005a","Determinar los riesgos y oportunidades que es necesario abordar con el fin de aumentar los efectos deseables","","6.1.1.3","A87"
"hola_calidad_requirement_961_05447b96","6_planning","hola_calidad_clause_130_3831005a","Determinar los riesgos y oportunidades que es necesario abordar con el fin de prevenir o reducir efectos no deseados","","6.1.1.4","A88"
"hola_calidad_requirement_962_571e4d69","6_planning","hola_calidad_clause_130_3831005a","Determinar los riesgos y oportunidades que es necesario abordar con el fin de lograr la mejora.","","6.1.1.5","A89"
"hola_calidad_requirement_963_ac13aaf9","6_planning","hola_calidad_clause_130_3831005a","Las acciones para abordar estos riesgos y oportunidades","","6.1.2.1","A91"
"hola_calidad_requirement_964_3c900ff2","6_planning","hola_calidad_clause_130_3831005a","La manera de integrar e implementar las acciones en sus procesos del SGC (véase 4,4)","","6.1.2.2","A92"
"hola_calidad_requirement_965_1f6210b4","6_planning","hola_calidad_clause_130_3831005a","La manera de evaluar la eficacia de estas acciones.","","6.1.2.3","A93"
"hola_calidad_requirement_966_2b3d7ebe","6_planning","hola_calidad_clause_131_7de76019","Establecer objetivos de la calidad para las funciones y niveles pertinentes y los procesos necesarios para el SGC.","","6.2.1.1","A96"
"hola_calidad_requirement_967_6d931b01","6_planning","hola_calidad_clause_131_7de76019","Mantener información documentada sobre los objetivos de la calidad.","","6.2.1.2","A97"
"hola_calidad_requirement_968_4f355818","6_planning","hola_calidad_clause_131_7de76019","Ser coherentes con la política de calidad","","6.2.1.3","A99"
"hola_calidad_requirement_969_c4be461d","6_planning","hola_calidad_clause_131_7de76019","Ser medibles","","6.2.1.4","A100"
"hola_calidad_requirement_970_31e7ac5e","6_planning","hola_calidad_clause_131_7de76019","Tener en cuenta los requisitos aplicables","","6.2.1.5","A101"
"hola_calidad_requirement_971_73f14690","6_planning","hola_calidad_clause_131_7de76019","Ser pertinentes para la conformidad de los productos y servicios y para el aumento de la satisfacción del cliente","","6.2.1.6","A102"
"hola_calidad_requirement_972_61a8a150","6_planning","hola_calidad_clause_131_7de76019","Ser objeto de seguimiento","","6.2.1.7","A103"
"hola_calidad_requirement_973_9d5b4f61","6_planning","hola_calidad_clause_131_7de76019","Comunicarse","","6.2.1.8","A104"
"hola_calidad_requirement_974_d671d8da","6_planning","hola_calidad_clause_131_7de76019","Actualizarse, según corresponda","","6.2.1.9","A105"
"hola_calidad_requirement_975_989a610e","6_planning","hola_calidad_clause_131_7de76019","Determinar qué se va a hacer","","6.2.2.1","A107"
"hola_calidad_requirement_976_51e30426","6_planning","hola_calidad_clause_131_7de76019","Determinar qué recursos se requerirán","","6.2.2.2","A108"
"hola_calidad_requirement_977_e1e6b209","6_planning","hola_calidad_clause_131_7de76019","Determinar quién será responsable","","6.2.2.3","A109"
"hola_calidad_requirement_978_75a80d52","6_planning","hola_calidad_clause_131_7de76019","Determinar cuándo se finalizará","","6.2.2.4","A110"
"hola_calidad_requirement_979_4d5b84d1","6_planning","hola_calidad_clause_131_7de76019","Determinar cómo se evaluarán los resultados","","6.2.2.5","A111"
"hola_calidad_requirement_980_68050679","6_planning","hola_calidad_clause_132_9616995f","Cuando la organización determine la necesidad de cambios en el SGC, estos cambios se deben llevar a cabo de manera planificada (véase 4,4)","","6.3.1","A114"
"hola_calidad_requirement_981_8fbafc57","6_planning","hola_calidad_clause_132_9616995f","Considerar el propósito de los cambios y sus consecuencias potenciales","","6.3.2","A115"
"hola_calidad_requirement_982_81b000b5","6_planning","hola_calidad_clause_132_9616995f","Considerar la integridad del SGC","","6.3.3","A116"
"hola_calidad_requirement_983_da7e0507","6_planning","hola_calidad_clause_132_9616995f","Considerar la disponibilidad o reasignación de responsabilidades y autoridades.","","6.3.4","A117"
"hola_calidad_requirement_984_e300091a","7_support","hola_calidad_clause_133_57550522","Determinar y proporcionar los recursos necesarios para el establecimiento, implementación, mantenimiento y mejora continua del SGC.","","7.1.1.1","A121"
"hola_calidad_requirement_985_306441cc","7_support","hola_calidad_clause_133_57550522","Considerar las capacidades y limitaciones de los recursos internos existentes","","7.1.1.2","A122"
"hola_calidad_requirement_986_f8235dfd","7_support","hola_calidad_clause_133_57550522","Considerar que se necesita obtener de los proveedores externos.","","7.1.1.3","A123"
"hola_calidad_requirement_987_ddf1971a","7_support","hola_calidad_clause_133_57550522","Determinar y proporcionar las personas necesarias para la implementación eficaz de su SGC y para la operación y control de sus procesos.","","7.1.2.1","A125"
"hola_calidad_requirement_988_4bcd4b9e","7_support","hola_calidad_clause_133_57550522","Determinar, proporcionar y mantener la infraestructura necesaria para la operación de sus procesos y lograr la conformidad de los productos y servicios.","","7.1.3.1","A127"
"hola_calidad_requirement_989_8e7dd668","7_support","hola_calidad_clause_133_57550522","Determinar, proporcionar y mantener el ambiente necesario para la operación de sus procesos y para lograr la conformidad de los productos y servicios.","","7.1.4.1","A129"
"hola_calidad_requirement_990_2179f777","7_support","hola_calidad_clause_133_57550522","Determinar y proporcionar los recursos necesarios para asegurarse de la validez y fiabilidad de los resultados cuando se realice el seguimiento o la medición para verificar la conformidad de los productos y servicios con los requisitos","","7.1.5.1.1","A132"
"hola_calidad_requirement_991_7e960d35","7_support","hola_calidad_clause_133_57550522","Asegurarse de que los recursos proporcionados son apropiados para el tipo específico de actividades de seguimiento y medición realizadas","","7.1.5.1.2","A133"
"hola_calidad_requirement_992_9d9d006d","7_support","hola_calidad_clause_133_57550522","Asegurarse de que los recursos proporcionado se mantienen para asegurarse de la idoneidad continua para su propósito","","7.1.5.1.3","A134"
"hola_calidad_requirement_993_92452dd4","7_support","hola_calidad_clause_133_57550522","Conservar la información documentada apropiada como evidencia de que los recursos de seguimiento y medición son idóneos para su propósito","","7.1.5.1.4","A135"
"hola_calidad_requirement_994_4c9917cb","7_support","hola_calidad_clause_133_57550522","Calibrar o verificar, o ambas, a intervalos especificados, o antes de su utilización, contra patrones de medición trazables a patrones de medición internacionales o nacionales; cuando no existan tales patrones, debe conservarse como información documentada la base utilizada para la calibración o verificación","","7.1.5.2.1","A137"
"hola_calidad_requirement_995_1161104d","7_support","hola_calidad_clause_133_57550522","Identificar para determinar su estado","","7.1.5.2.2","A138"
"hola_calidad_requirement_996_648856fa","7_support","hola_calidad_clause_133_57550522","Proteger contra ajustes, daño o deterioro que pudiera invalidar el estado de calibración y los posteriores resultados de la medición","","7.1.5.2.3","A139"
"hola_calidad_requirement_997_3a10e9d9","7_support","hola_calidad_clause_133_57550522","Determinar si la validez de los resultados de medición previos se ha visto afectada de manera adversa cuando el equipo de medición se considere no apto para su propósito previsto, y debe tomar las acciones adecuadas cuando sea necesario.","","7.1.5.2.4","A140"
"hola_calidad_requirement_998_4cd14222","7_support","hola_calidad_clause_133_57550522","Determinar los conocimientos necesarios para la operación de sus procesos y para lograr la conformidad de los productos y servicios.","","7.1.6","A142"
"hola_calidad_requirement_999_b22d5e9d","7_support","hola_calidad_clause_133_57550522","Mantener y poner a disposición en la medida que sea necesario","","7.1.7","A143"
"hola_calidad_requirement_1000_249ac118","7_support","hola_calidad_clause_133_57550522","Considerar sus conocimientos actuales y determinar como adquirir o acceder a los conocimientos adicionales necesarios y a las actualizaciones requeridas","","7.1.8","A144"
"hola_calidad_requirement_1001_19402d0d","7_support","hola_calidad_clause_134_0fdb0e5a","Determinar la competencia necesaria de las personas que
realizan, bajo su control, un trabajo que afecta al
desempeño y eficacia del SGC","","7.2.1","A147"
"hola_calidad_requirement_1002_585151e8","7_support","hola_calidad_clause_134_0fdb0e5a","Asegur de que estas personas sean competentes,
basándose en la educación, formación o experiencia
apropiadas","","7.2.2","A148"
"hola_calidad_requirement_1003_ccba7df5","7_support","hola_calidad_clause_134_0fdb0e5a","Tomar acciones para adquirir competencia necesaria y evaluar la eficacia de las acciones tomadas cuando se requieran","","7.2.3","A149"
"hola_calidad_requirement_1004_86b5de3f","7_support","hola_calidad_clause_134_0fdb0e5a","Conservar la Información documentada apropiada como
evidencia de la competencia.","","7.2.4","A150"
"hola_calidad_requirement_1005_eb08bbfc","7_support","hola_calidad_clause_135_73f5f9d2","Política de calidad","","7.3.1","A153"
"hola_calidad_requirement_1006_10446cb4","7_support","hola_calidad_clause_135_73f5f9d2","Objetivos de la calidad pertinentes","","7.3.2","A154"
"hola_calidad_requirement_1007_c8f63bdb","7_support","hola_calidad_clause_135_73f5f9d2","Contribuir a la eficacia del SGC, incluidos los
beneficios de una mejora del desempeño","","7.3.3","A155"
"hola_calidad_requirement_1008_a14f06d1","7_support","hola_calidad_clause_135_73f5f9d2","Implicaciones del incumplimiento de los requisitos del
SGC.","","7.3.4","A156"
"hola_calidad_requirement_1009_52e55301","7_support","hola_calidad_clause_136_86cd5226","Qué comunicar","","7.4.1","A159"
"hola_calidad_requirement_1010_1bdee0e3","7_support","hola_calidad_clause_136_86cd5226","Cuándo comunicar","","7.4.2","A160"
"hola_calidad_requirement_1011_1cb2f6a2","7_support","hola_calidad_clause_136_86cd5226","A quién comunicar","","7.4.3","A161"
"hola_calidad_requirement_1012_7254b3d8","7_support","hola_calidad_clause_136_86cd5226","Cómo comunicar","","7.4.4","A162"
"hola_calidad_requirement_1013_4b67336a","7_support","hola_calidad_clause_136_86cd5226","Quién comunica","","7.4.5","A163"
"hola_calidad_requirement_1014_08dcc962","7_support","hola_calidad_clause_137_b1d9ed7f","La información documentada requerida por esta Norma Internacional","","7.5.1.1","A166"
"hola_calidad_requirement_1015_d3cc901b","7_support","hola_calidad_clause_137_b1d9ed7f","La información documentada que la organización
determina como necesaria para la eficacia del SGC.","","7.5.1.2","A167"
"hola_calidad_requirement_1016_67fe25a7","7_support","hola_calidad_clause_137_b1d9ed7f","Asegurar la identificacion y descripción de la informacion (por ejemplo, título, fecha, autor o número de referencia)","","7.5.2.1","A170"
"hola_calidad_requirement_1017_c16cf68c","7_support","hola_calidad_clause_137_b1d9ed7f","Asegurar el formato (por ejemplo, idioma, versión del software,gráficos) y los medios de soporte (por ejemplo, papel,electrónico).","","7.5.2.2","A171"
"hola_calidad_requirement_1018_889f352a","7_support","hola_calidad_clause_137_b1d9ed7f","La revisión y aprobación con respecto a la conveniencia y adecuación.","","7.5.2.3","A172"
"hola_calidad_requirement_1019_5dac3ae6","7_support","hola_calidad_clause_137_b1d9ed7f","Estar disponible y sea idóneo para su uso, donde y cuando se necesite","","7.5.3.1.1","A175"
"hola_calidad_requirement_1020_66b9dbad","7_support","hola_calidad_clause_137_b1d9ed7f","Esté protegida adecuadamente (por ejemplo, contra
pérdida de la confidencialidad, uso inadecuado pérdida de integridad)","","7.5.3.1.2","A176"
"hola_calidad_requirement_1021_75668f4e","7_support","hola_calidad_clause_137_b1d9ed7f","Distribución, acceso, recuperación y uso","","7.5.3.2.1","A178"
"hola_calidad_requirement_1022_3424dbe1","7_support","hola_calidad_clause_137_b1d9ed7f","Almacenamiento y preservación, incluida la preservación de la legibilidad","","7.5.3.2.2","A179"
"hola_calidad_requirement_1023_919c8160","7_support","hola_calidad_clause_137_b1d9ed7f","Control de cambios (por ejemplo, control de versión)","","7.5.3.2.3","A180"
"hola_calidad_requirement_1024_f774805c","7_support","hola_calidad_clause_137_b1d9ed7f","Conservación y disposición.","","7.5.3.2.4","A181"
"hola_calidad_requirement_1025_a42f9257","7_support","hola_calidad_clause_137_b1d9ed7f","Identificar y controlar la documentada de origen externo, que la organización determina como necesaria para la planificación y operación del SGC","","7.5.3.2.5","A182"
"hola_calidad_requirement_1026_4fdb4aec","7_support","hola_calidad_clause_137_b1d9ed7f","Proteger la información documentada conservada como evidencia de la conformidad","","7.5.3.2.6","A183"
"hola_calidad_requirement_1027_d6028178","8_operation","hola_calidad_clause_140_9dfe8373","Planificar, implementar y controlar procesos","","8.1.1","A187"
"hola_calidad_requirement_1028_3ecf6328","8_operation","hola_calidad_clause_140_9dfe8373","Determinar los requisitos para los productos y servicios","","8.1.2","A188"
"hola_calidad_requirement_1029_9628e55e","8_operation","hola_calidad_clause_140_9dfe8373","Establecer criterios para sus procesos","","8.1.3","A189"
"hola_calidad_requirement_1030_14e826fe","8_operation","hola_calidad_clause_140_9dfe8373","Establecer criterios para la aceptación de los productos y servicios","","8.1.4","A190"
"hola_calidad_requirement_1031_01b6bd58","8_operation","hola_calidad_clause_140_9dfe8373","Determinar los recursos necesarios para lograr la conformidad con los requisitos de los productos y servicios","","8.1.5","A191"
"hola_calidad_requirement_1032_1356f21b","8_operation","hola_calidad_clause_140_9dfe8373","Implementar el control de los procesos de acuerdo con los criterios","","8.1.6","A192"
"hola_calidad_requirement_1033_868b1115","8_operation","hola_calidad_clause_140_9dfe8373","Determinar, el mantenimiento y la conservación de la información documentada en la extensión necesaria para tener confianza en que los procesos se han llevado a cabo según lo planificado","","8.1.7","A193"
"hola_calidad_requirement_1034_49e5d0e8","8_operation","hola_calidad_clause_140_9dfe8373","Determinar, el mantenimiento y la conservación de la información documentada en la extensión necesaria para demostrar la conformidad de los productos y servicios con sus requisitos","","8.1.8","A194"
"hola_calidad_requirement_1035_cf8ef409","8_operation","hola_calidad_clause_140_9dfe8373","Ser adecuada para las operaciones de la organización.","","8.1.9","A195"
"hola_calidad_requirement_1036_9120f913","8_operation","hola_calidad_clause_140_9dfe8373","Controlar los cambios planificados y revisar las consecuencias de los cambios no previstos, tomando acciones para mitigar cualquier efecto adverso, según sea necesario.","","8.1.10","A196"
"hola_calidad_requirement_1037_e2298c6d","8_operation","hola_calidad_clause_140_9dfe8373","Asegurarse de que los procesos contratados externamente estén controlados (Véase 8.4)","","8.1.11","A197"
"hola_calidad_requirement_1038_5111499a","8_operation","hola_calidad_clause_141_18b81015","Proporcionar la información relativa a los productos y servicios","","8.2.1.1","A200"
"hola_calidad_requirement_1039_a97cde2b","8_operation","hola_calidad_clause_141_18b81015","Tratar las consultas, los contratos o los pedidos incluyendo los cambios","","8.2.1.2","A201"
"hola_calidad_requirement_1040_1fbbcade","8_operation","hola_calidad_clause_141_18b81015","Obtener la retroalimentación de los clientes relativa a los productos y servicios, incluyendo las quejas de los clientes","","8.2.1.3","A202"
"hola_calidad_requirement_1041_403266aa","8_operation","hola_calidad_clause_141_18b81015","Manipular o controlar la propiedad del cliente","","8.2.1.4","A203"
"hola_calidad_requirement_1042_b840198b","8_operation","hola_calidad_clause_141_18b81015","Establecer los requisitos específicos para las acciones de contingencia, cuando sea pertinente.","","8.2.1.5","A204"
"hola_calidad_requirement_1043_22f67271","8_operation","hola_calidad_clause_141_18b81015","Los requisitos para los productos y servicios se definen, incluyendo Cualquier requisito legal y reglamentario aplicable","","8.2.2.1","A206"
"hola_calidad_requirement_1044_477a76a9","8_operation","hola_calidad_clause_141_18b81015","Los requisitos para los productos y servicios se definen, incluyendo Aquellos considerados necesarios por la organización","","8.2.2.2","A207"
"hola_calidad_requirement_1045_61e42924","8_operation","hola_calidad_clause_141_18b81015","La organización puede cumplir con las declaraciones acerca de los productos y servicios que ofrece.","","8.2.2.3","A208"
"hola_calidad_requirement_1046_a31d6c6a","8_operation","hola_calidad_clause_141_18b81015","Asegurar de que tiene la capacidad de cumplir los requisitos para los productos y servicios que se van a ofrecer a los clientes","","8.2.3.1.1","A211"
"hola_calidad_requirement_1047_add5f668","8_operation","hola_calidad_clause_141_18b81015","Llevar a cabo una revisión antes de comprometerse a suministrar productos y servicios a un cliente","","8.2.3.1.2","A212"
"hola_calidad_requirement_1048_1969f826","8_operation","hola_calidad_clause_141_18b81015","Los requisitos especificados por el cliente, incluyendo los requisitos para las actividades de entrega y las posteriores a la misma","","8.2.3.1.3","A213"
"hola_calidad_requirement_1049_530358a6","8_operation","hola_calidad_clause_141_18b81015","Los requisitos no establecidos por el cliente, pero necesarios para el uso especificado o previsto cuando sea conocido.","","8.2.3.1.4","A214"
"hola_calidad_requirement_1050_d758ea6b","8_operation","hola_calidad_clause_141_18b81015","Los requisitos especificados por la organización","","8.2.3.1.5","A215"
"hola_calidad_requirement_1051_64f57340","8_operation","hola_calidad_clause_141_18b81015","Los requisitos legales y reglamentarios aplicables a los productos y servicios","","8.2.3.1.6","A216"
"hola_calidad_requirement_1052_1dda8089","8_operation","hola_calidad_clause_141_18b81015","Las diferencias existentes entre los requisitos del contrato o pedido y los expresados previamente","","8.2.3.1.7","A217"
"hola_calidad_requirement_1053_1034fd7c","8_operation","hola_calidad_clause_141_18b81015","La organización debe asegurarse de que se resuelven las diferencias existentes entre los requisitos del contrato o pedido y los expresados previamente","","8.2.3.1.8","A218"
"hola_calidad_requirement_1054_db1ecee4","8_operation","hola_calidad_clause_141_18b81015","La organización debe confirmar los requisitos del cliente antes de la aceptación, cuando el cliente no proporcione una declaración documentada de sus requisitos.","","8.2.3.1.9","A219"
"hola_calidad_requirement_1055_2c70c798","8_operation","hola_calidad_clause_141_18b81015","Sobre los resultados de la revisión","","8.2.3.2.1","A221"
"hola_calidad_requirement_1056_0ad1e0a3","8_operation","hola_calidad_clause_141_18b81015","Sobre cualquier requisito nuevo para los productos y servicios","","8.2.3.2.2","A222"
"hola_calidad_requirement_1057_5af36f08","8_operation","hola_calidad_clause_141_18b81015","Asegurarse de que, cuando se cambien los requisitos para los productos y servicios, la información documentada pertinente sea modificada, y de que las personas pertinentes sean conscientes de los requisitos modificados.","","8.2.4.1","A224"
"hola_calidad_requirement_1058_e4c2d116","8_operation","hola_calidad_clause_142_56a0db9b","Establecer, implementar y mantener un proceso de diseño y desarrollo que sea adecuado para asegurarse de la posterior provisión de productos y servicios","","8.3.1.1","A227"
"hola_calidad_requirement_1059_8820d844","8_operation","hola_calidad_clause_142_56a0db9b","La naturaleza, duración y complejidad de las actividades de diseño y desarrollo ","","8.3.2.1","A229"
"hola_calidad_requirement_1060_5fe266f5","8_operation","hola_calidad_clause_142_56a0db9b","Las etapas del proceso requeridas, incluyendo las revisiones del diseño y desarrollo aplicables","","8.3.2.2","A230"
"hola_calidad_requirement_1061_dc0ed607","8_operation","hola_calidad_clause_142_56a0db9b","Las actividades requeridas de verificación y validación del diseño y desarrollo ","","8.3.2.3","A231"
"hola_calidad_requirement_1062_5bcec216","8_operation","hola_calidad_clause_142_56a0db9b","Las responsabilidades y autoridades involucradas en el proceso de diseño y desarrollo","","8.3.2.4","A232"
"hola_calidad_requirement_1063_b33cfd22","8_operation","hola_calidad_clause_142_56a0db9b","Considerar las necesidades de recursos internos y externos para el diseño y desarrollo de los productos y servicios al determinar las etapas y controles del diseño y desarrollo","","8.3.2.5","A233"
"hola_calidad_requirement_1064_54e24b48","8_operation","hola_calidad_clause_142_56a0db9b","La necesidad de controlar las interfaces entre las personas que participan activamente en el proceso de diseño y desarrollo","","8.3.2.6","A234"
"hola_calidad_requirement_1065_0a2abb81","8_operation","hola_calidad_clause_142_56a0db9b","La necesidad de la participación activa de los clientes y usuarios en el proceso de diseño y desarrollo","","8.3.2.7","A235"
"hola_calidad_requirement_1066_5be51958","8_operation","hola_calidad_clause_142_56a0db9b","Los requisitos para la posterior provisión de productos y servicios ","","8.3.2.8","A236"
"hola_calidad_requirement_1067_f4f5e74c","8_operation","hola_calidad_clause_142_56a0db9b","El nivel de control de proceso de diseño y desarrollo esperado por los clientes y otras partes interesadas","","8.3.2.9","A237"
"hola_calidad_requirement_1068_136db428","8_operation","hola_calidad_clause_142_56a0db9b","La información documentada necesaria para demostrar que se han cumplido los requisitos de diseño y desarrollo","","8.3.2.10","A238"
"hola_calidad_requirement_1069_50aeeb93","8_operation","hola_calidad_clause_142_56a0db9b","Considerar los requisitos funcionales y de desempeño","","8.3.3.1","A240"
"hola_calidad_requirement_1070_903386c3","8_operation","hola_calidad_clause_142_56a0db9b","Considerar la información proveniente de actividades previas de diseño y desarrollo similares","","8.3.3.2","A241"
"hola_calidad_requirement_1071_2ca5cb49","8_operation","hola_calidad_clause_142_56a0db9b","Considerar los requisitos legales y reglamentarios","","8.3.3.3","A242"
"hola_calidad_requirement_1072_46c4fbd3","8_operation","hola_calidad_clause_142_56a0db9b","considerar Normas y códigos de prácticas que la organización se ha comprometido a implementar","","8.3.3.4","A243"
"hola_calidad_requirement_1073_7ea696f0","8_operation","hola_calidad_clause_142_56a0db9b","considerar las consecuencias potenciales de fallar debido a la naturaleza de los productos y sevicios ","","8.3.3.5","A244"
"hola_calidad_requirement_1074_35de72c6","8_operation","hola_calidad_clause_142_56a0db9b","Verificar que las entradas son adecuadas para los fines del diseño y desarrollo, que están completas y no presentan ambiguedades","","8.3.3.6","A245"
"hola_calidad_requirement_1075_ad835af5","8_operation","hola_calidad_clause_142_56a0db9b","Resolver las entradas de diseño y desarrollo contradictorias","","8.3.3.7","A246"
"hola_calidad_requirement_1076_a416f438","8_operation","hola_calidad_clause_142_56a0db9b","Conservar la información documentada sobre las entradas de diseño y desarrollo","","8.3.3.8","A247"
"hola_calidad_requirement_1077_6e29c7ac","8_operation","hola_calidad_clause_142_56a0db9b","Que se definen los resultados a lograr","","8.3.4.1","A249"
"hola_calidad_requirement_1078_fa031ba7","8_operation","hola_calidad_clause_142_56a0db9b","Que se realizan las revisiones para evaluar la capacidad de los resultados del diseño y desarrollo para cumplir los requisitos ","","8.3.4.2","A250"
"hola_calidad_requirement_1079_e0f1d2da","8_operation","hola_calidad_clause_142_56a0db9b","Que se realizan actividades de verificación para asegurarse de que las salidas del diseño y desarrollo cumplen los requisitos de las entradas","","8.3.4.3","A251"
"hola_calidad_requirement_1080_65af910b","8_operation","hola_calidad_clause_142_56a0db9b","Que se realizan actividades de validación para asegurarse de que los productos y servicios resultantes satisfacen los requisitos para su aplicación especificada o uso previsto ","","8.3.4.4","A252"
"hola_calidad_requirement_1081_56388cac","8_operation","hola_calidad_clause_142_56a0db9b","Que se toma cualquier acción necesaria sobre los problemas determinados durante las revisiones, o las actividades de verificación y validación","","8.3.4.5","A253"
"hola_calidad_requirement_1082_780c0bdd","8_operation","hola_calidad_clause_142_56a0db9b","Que se conserva la información documentada de estas actividades","","8.3.4.6","A254"
"hola_calidad_requirement_1083_6dac4bad","8_operation","hola_calidad_clause_142_56a0db9b","Cumplen los requisitos de las entradas","","8.3.5.1","A256"
"hola_calidad_requirement_1084_a872e4bb","8_operation","hola_calidad_clause_142_56a0db9b","Son adecuadas para los procesos posteriores para la provisión de productos y servicios ","","8.3.5.2","A257"
"hola_calidad_requirement_1085_9244dcc3","8_operation","hola_calidad_clause_142_56a0db9b","Incluyen o hacen referencia a los requisitos de seguimiento y medición, cuando sea apropiado, y a los criterios de aceptación","","8.3.5.3","A258"
"hola_calidad_requirement_1086_06277583","8_operation","hola_calidad_clause_142_56a0db9b","Especifican las características de los productos y servicios que son esenciales para su propósito previsto y su provisión segura y correcta","","8.3.5.4","A259"
"hola_calidad_requirement_1087_1e1157ae","8_operation","hola_calidad_clause_142_56a0db9b","Conserva información documentada sobre las salidas del diseño y desarrollo","","8.3.5.5","A260"
"hola_calidad_requirement_1088_d12981a7","8_operation","hola_calidad_clause_142_56a0db9b","Identificar, revisar y controlar los cambios hechos durante el diseño y desarrollo de productos y servicios, para asegurarse que no haya un impacto adverso en la conformidad de los requisitos ","","8.3.6.1","A262"
"hola_calidad_requirement_1089_045fb6c3","8_operation","hola_calidad_clause_142_56a0db9b","Conservar informacion documentada sobre cambios de diseño y desarrollo","","8.3.6.2","A263"
"hola_calidad_requirement_1090_32642ff0","8_operation","hola_calidad_clause_142_56a0db9b","Conservar información documentada sobre el resultado de las revisiones","","8.3.6.3","A264"
"hola_calidad_requirement_1091_1618ad39","8_operation","hola_calidad_clause_142_56a0db9b","Conservar información documentada sobre la autorización de los cambios","","8.3.6.4","A265"
"hola_calidad_requirement_1092_94027fdb","8_operation","hola_calidad_clause_142_56a0db9b","Consevar información documentada de las acciones tomadas para prevenir los impactos adversos","","8.3.6.5","A266"
"hola_calidad_requirement_1093_9ff54ac9","8_operation","hola_calidad_clause_143_e9ff0e2b","Asegurar que los procesos, productos y servicios suministrados externamente son conformes a los requisitos.","","8.4.1.1","A269"
"hola_calidad_requirement_1094_8337197c","8_operation","hola_calidad_clause_143_e9ff0e2b","Determinar los controles a aplicar a los procesos, productos y servicios suministrados externamente cuando Los productos y servicios de proveedores externos están destinados a incorporarse dentro de los propios productos y servicios de la organización;","","8.4.1.2","A270"
"hola_calidad_requirement_1095_60cfc897","8_operation","hola_calidad_clause_143_e9ff0e2b","Determinar los controles a aplicar a los procesos, productos y servicios suministrados externamente cuando los productos y servicios son proporcionados directamente a los clientes por proveedores externos en nombre de la organización","","8.4.1.3","A271"
"hola_calidad_requirement_1096_4a5eb7c9","8_operation","hola_calidad_clause_143_e9ff0e2b","Determinar los controles a aplicar a los procesos, productos y servicios suministrados externamente cuando un proceso, o una parte de un proceso, es proporcionado por un proveedor externo como resultado de una decisión de la organización","","8.4.1.4","A272"
"hola_calidad_requirement_1097_55845440","8_operation","hola_calidad_clause_143_e9ff0e2b","Determinar y aplicar criterios para la evaluación, la selección, el seguimiento del desempeño y la reevaluación de los proveedores externos, basándose en su capacidad para proporcionar procesos o productos y servicios de acuerdo con los requisitos","","8.4.1.5","A273"
"hola_calidad_requirement_1098_aa864b60","8_operation","hola_calidad_clause_143_e9ff0e2b","conservar la información documentada de estas actividades y de cualquier acción necesario que surja de las evaluaciones.","","8.4.1.6","A274"
"hola_calidad_requirement_1099_b77180a6","8_operation","hola_calidad_clause_143_e9ff0e2b","Asegurarse de que los procesos, productos y servicios suministrados externamente no afectan de manera adversa a la capacidad de la organización de entregar productos y servicios conformes de manera coherente a sus clientes.","","8.4.2.1","A276"
"hola_calidad_requirement_1100_f3cf80a3","8_operation","hola_calidad_clause_143_e9ff0e2b","Asegurarse de que los procesos suministrados externamente permanecen dentro del control de su SGC","","8.4.2.2","A277"
"hola_calidad_requirement_1101_327d46f6","8_operation","hola_calidad_clause_143_e9ff0e2b","Definir los controles que pretende aplicar a un proveedor externo y los que pretende aplicar a las salidas resultantes","","8.4.2.3","A278"
"hola_calidad_requirement_1102_4851174d","8_operation","hola_calidad_clause_143_e9ff0e2b","Tener en consideración el impacto potencial de los procesos, productos y servicios suministrados externamente en la capacidad de la organización de cumplir regularmente los requisitos del cliente y los legales y reglamentarios aplicables","","8.4.2.4","A279"
"hola_calidad_requirement_1103_83fbc31b","8_operation","hola_calidad_clause_143_e9ff0e2b","Considerar la eficacia de los controles aplicados por el proveedor externo","","8.4.2.5","A280"
"hola_calidad_requirement_1104_9d05ceba","8_operation","hola_calidad_clause_143_e9ff0e2b","Determinar la verificación, u otras actividades necesarias para asegurarse de que los procesos, productos y servicios suministrados externamente cumplen los requisitos","","8.4.2.6","A281"
"hola_calidad_requirement_1105_ef6271dd","8_operation","hola_calidad_clause_143_e9ff0e2b","Asegurarse de la adecuación de los requisitos antes de su comunicación al proveedor externo","","8.4.3.1","A283"
"hola_calidad_requirement_1106_0e2b9dbe","8_operation","hola_calidad_clause_143_e9ff0e2b","Comunicar a los proveedores externos sus requisitos para Los procesos, productos y servicios a proporcionar","","8.4.3.2","A284"
"hola_calidad_requirement_1107_2abd538c","8_operation","hola_calidad_clause_143_e9ff0e2b","La aprobación de Productos y servicios","","8.4.3.3","A285"
"hola_calidad_requirement_1108_120e78ef","8_operation","hola_calidad_clause_143_e9ff0e2b","La aprobación de Métodos, procesos y equipos","","8.4.3.4","A286"
"hola_calidad_requirement_1109_5f268a30","8_operation","hola_calidad_clause_143_e9ff0e2b","La aprobación de la liberación de productos y servicios","","8.4.3.5","A287"
"hola_calidad_requirement_1110_35a4badc","8_operation","hola_calidad_clause_143_e9ff0e2b","La competencia, incluyendo cualquier calificación requerida de las personas","","8.4.3.6","A288"
"hola_calidad_requirement_1111_e5eb73b5","8_operation","hola_calidad_clause_143_e9ff0e2b","Las interacciones del proveedor externo con la organización","","8.4.3.7","A289"
"hola_calidad_requirement_1112_35b558f6","8_operation","hola_calidad_clause_143_e9ff0e2b","El control y el seguimiento del desempeño del proveedor externo a aplicar por parte de la organización","","8.4.3.8","A290"
"hola_calidad_requirement_1113_72885e38","8_operation","hola_calidad_clause_143_e9ff0e2b","Las actividades de verificación o validación que la organización, o su cliente, pretende llevar a cabo en las instalaciones del proveedor externo.","","8.4.3.9","A291"
"hola_calidad_requirement_1114_b5a64eb9","8_operation","hola_calidad_clause_144_542d49f2","La organización debe implementar la producción y provisión del servicio bajo condiciones controladas","","8.5.1.1","A294"
"hola_calidad_requirement_1115_18aea1dc","8_operation","hola_calidad_clause_144_542d49f2","La disponibilidad de información documentada que defina las características de los productos a producir, los servicios a prestar, o las actividades a desempeñar
","","8.5.1.2","A295"
"hola_calidad_requirement_1116_edbf244a","8_operation","hola_calidad_clause_144_542d49f2","La disponibilidad de información documentada que defina los resultados a alcanzar
","","8.5.1.3","A296"
"hola_calidad_requirement_1117_6f1a275e","8_operation","hola_calidad_clause_144_542d49f2","La disponibilidad y el uso de los recursos de seguimiento y medición adecuados","","8.5.1.4","A297"
"hola_calidad_requirement_1118_edc7d1ec","8_operation","hola_calidad_clause_144_542d49f2","La implementación de actividades de seguimiento y medición en las etapas apropiadas para verificar que se cumplen los criterios para el control de los procesos o sus salidas, y los criterios de aceptación para los productos y servicios","","8.5.1.5","A298"
"hola_calidad_requirement_1119_ec8469a2","8_operation","hola_calidad_clause_144_542d49f2","El uso de la infraestructura y el entorno adecuados para la operación de los procesos","","8.5.1.6","A299"
"hola_calidad_requirement_1120_46cd8bd0","8_operation","hola_calidad_clause_144_542d49f2","La designación de personas competentes incluyendo cualquier calificación requerida","","8.5.1.7","A300"
"hola_calidad_requirement_1121_3e5b77fe","8_operation","hola_calidad_clause_144_542d49f2","La validación y re validación periódica de la capacidad para alcanzar los resultados planificados de los procesos de producción y de prestación del servicio, cuando las salidas resultantes no puedan verificarse mediante actividades de seguimiento o medición posteriores","","8.5.1.8","A301"
"hola_calidad_requirement_1122_647b1e56","8_operation","hola_calidad_clause_144_542d49f2","La implementación de acciones para prevenir los errores humanos","","8.5.1.9","A302"
"hola_calidad_requirement_1123_441d2039","8_operation","hola_calidad_clause_144_542d49f2","La implementación de actividades de liberación, entrega y posteriores a la entrega.","","8.5.1.10","A303"
"hola_calidad_requirement_1124_73aa86d5","8_operation","hola_calidad_clause_144_542d49f2","Utilizar los medios apropiados para identificar las salidas, cuando sea necesario, para asegurar la conformidad de los productos y servicios.","","8.5.2.1","A305"
"hola_calidad_requirement_1125_ea1c533c","8_operation","hola_calidad_clause_144_542d49f2","Identificar el estado de las salidas con respecto a los requisitos de seguimiento y medición a través de la producción y prestación del servicio.","","8.5.2.2","A306"
"hola_calidad_requirement_1126_65099572","8_operation","hola_calidad_clause_144_542d49f2","Controlar la identificación única de las salidas cuando la trazabilidad sea un requisito, y debe conservar la información necesaria para permitir la trazabilidad.","","8.5.2.3","A307"
"hola_calidad_requirement_1127_851c3f9d","8_operation","hola_calidad_clause_144_542d49f2","Cuidar la propiedad perteneciente a los clientes o a proveedores externos mientras esté bajo el control de la organización o esté siendo utilizado por la misma.","","8.5.3.1","A309"
"hola_calidad_requirement_1128_8151d8c0","8_operation","hola_calidad_clause_144_542d49f2","Identificar, verificar, proteger y salvaguardar la propiedad de los clientes o de los proveedores externos suministrada para su utilización o incorporación dentro de los productos y servicios.","","8.5.3.2","A310"
"hola_calidad_requirement_1129_982eb578","8_operation","hola_calidad_clause_144_542d49f2","Informar de esto al cliente o proveedor externo y conservar la información documentada sobre lo ocurrido.","","8.5.3.3","A311"
"hola_calidad_requirement_1130_5690b8b3","8_operation","hola_calidad_clause_144_542d49f2","La organización debe preservar las salidas durante la producción y prestación del servicio, en la medida necesaria para asegurarse de la conformidad con los requisitos.","","8.5.4.1","A313"
"hola_calidad_requirement_1131_4e9a9c5a","8_operation","hola_calidad_clause_144_542d49f2","Cumplir los requisitos para las actividades posteriores a la entrega asociadas con los productos y servicios.","","8.5.5.1","A315"
"hola_calidad_requirement_1132_37778ae5","8_operation","hola_calidad_clause_144_542d49f2","Determinar el alcance de las actividades posteriores a la entrega que se requieren, la organización debe considerar los requisitos legales y reglamentarios","","8.5.5.2","A316"
"hola_calidad_requirement_1133_2439fcb1","8_operation","hola_calidad_clause_144_542d49f2","Determinar el alcance de las actividades posteriores a la entrega que se requieren, la organización debe considerar las consecuencias potenciales no deseabas asociadas a sus productos y servicios","","8.5.5.3","A317"
"hola_calidad_requirement_1134_c2a5f0cd","8_operation","hola_calidad_clause_144_542d49f2","Determinar el alcance de las actividades posteriores a la entrega que se requieren, la organización debe considerar los requisitos del cliente","","8.5.5.4","A318"
"hola_calidad_requirement_1135_f24821b1","8_operation","hola_calidad_clause_144_542d49f2","Determinar el alcance de las actividades posteriores a la entrega que se requieren, la organización debe considerar la retroalimentación del cliente","","8.5.5.5","A319"
"hola_calidad_requirement_1136_7ba5418d","8_operation","hola_calidad_clause_144_542d49f2","Revisar y controlar los cambios para la producción o la prestación del servicio, en la extensión necesaria para asegurarse de la continuidad en la conformidad con los requisitos.","","8.5.6.1","A321"
"hola_calidad_requirement_1137_e8041f10","8_operation","hola_calidad_clause_144_542d49f2","Conservar información documentada que describa los resultados de la revisión de los cambios, las personas que autorizan el cambio y de cualquier acción necesaria que surja de la revisión.","","8.5.6.2","A322"
"hola_calidad_requirement_1138_c0b18002","8_operation","hola_calidad_clause_145_b6901787","Implementar las disposiciones planificadas, en las etapas adecuadas, para verificar que se cumplen los requisitos de los productos y servicios.","","8.6.1","A324"
"hola_calidad_requirement_1139_521295f0","8_operation","hola_calidad_clause_145_b6901787","No debe llevarse a cabo hasta que se haya completado satisfactoriamente las disposiciones planificadas, a menos que sea aprobado de otra manera por una autoridad pertinente y, cuando sea aplicable por el cliente.","","8.6.2","A325"
"hola_calidad_requirement_1140_2da70a38","8_operation","hola_calidad_clause_145_b6901787","Conservar la información documentada sobre la liberación de los productos y servicios","","8.6.3","A326"
"hola_calidad_requirement_1141_0051635d","8_operation","hola_calidad_clause_145_b6901787","Evidencia de la conformidad con los criterios de aceptación","","8.6.4","A327"
"hola_calidad_requirement_1142_639cbc3a","8_operation","hola_calidad_clause_145_b6901787","Trazabilidad a las personas que autorizan la liberación.","","8.6.5","A328"
"hola_calidad_requirement_1143_c780fa6d","8_operation","hola_calidad_clause_146_9b837e3b","Asegurarse de que las salidas que no sean conformes con sus requisitos se identifican y se controlan para prevenir su uso o entrega no intencionada.","","8.7.1.1","A331"
"hola_calidad_requirement_1144_1c645f11","8_operation","hola_calidad_clause_146_9b837e3b","Tomar las acciones adecuadas basándose en la naturaleza de la No conformidad y en su efecto sobre la conformidad de los productos y servicios.","","8.7.1.2","A332"
"hola_calidad_requirement_1145_37095056","8_operation","hola_calidad_clause_146_9b837e3b","Tratar las salidas no conformes a través de corrección","","8.7.1.3","A333"
"hola_calidad_requirement_1146_5412dd39","8_operation","hola_calidad_clause_146_9b837e3b","Tratar las salidas no conformes a través de Separación, contención, devolución o suspensión de provisión de productos y servicios","","8.7.1.4","A334"
"hola_calidad_requirement_1147_ed6a9afb","8_operation","hola_calidad_clause_146_9b837e3b","Tratar las salidas no conformes a través de información al cliente","","8.7.1.5","A335"
"hola_calidad_requirement_1148_b4da4f37","8_operation","hola_calidad_clause_146_9b837e3b","Tratar las salidas no conformes a través de Obtención de autorización para su aceptación bajo concesión","","8.7.1.6","A336"
"hola_calidad_requirement_1149_1324a591","8_operation","hola_calidad_clause_146_9b837e3b"," Verificar la conformidad con los requisitos cuando se corrigen las salidas no conformes.","","8.7.1.7","A337"
"hola_calidad_requirement_1150_5d1f6eb3","8_operation","hola_calidad_clause_146_9b837e3b","Describa la No conformidad","","8.7.2.1","A339"
"hola_calidad_requirement_1151_9a8a9a67","8_operation","hola_calidad_clause_146_9b837e3b","Describa las acciones tomadas","","8.7.2.2","A340"
"hola_calidad_requirement_1152_57fcd584","8_operation","hola_calidad_clause_146_9b837e3b","Describa todas las concesiones obtenidas","","8.7.2.3","A341"
"hola_calidad_requirement_1153_16743e0b","8_operation","hola_calidad_clause_146_9b837e3b","Identifique la autoridad que decide la acción con respecto a la No conformidad.","","8.7.2.4","A342"
"hola_calidad_requirement_1154_186bf315","9_evaluation","hola_calidad_clause_147_661374fd","Qué necesita seguimiento y medición","","9.1.1.1","A346"
"hola_calidad_requirement_1155_49c5cbaa","9_evaluation","hola_calidad_clause_147_661374fd","Los métodos de seguimiento, medición, análisis y evaluación necesarios para asegurar resultados válidos","","9.1.1.2","A347"
"hola_calidad_requirement_1156_bbec0b25","9_evaluation","hola_calidad_clause_147_661374fd","Llevar a cabo el seguimiento y la medición","","9.1.1.3","A348"
"hola_calidad_requirement_1157_815dd778","9_evaluation","hola_calidad_clause_147_661374fd","Analizar y evaluar los resultados del seguimiento y la medición.","","9.1.1.4","A349"
"hola_calidad_requirement_1158_55ac357f","9_evaluation","hola_calidad_clause_147_661374fd","Evaluar el desempeño y la eficacia del SGC.","","9.1.1.5","A350"
"hola_calidad_requirement_1159_6d4a284c","9_evaluation","hola_calidad_clause_147_661374fd","Conservar información documentada apropiada como evidencia de los resultados.","","9.1.1.6","A351"
"hola_calidad_requirement_1160_8d19aa88","9_evaluation","hola_calidad_clause_147_661374fd","Realizar el seguimiento de las percepciones de los clientes del grado en que se cumplen sus necesidades y expectativas.","","9.1.2.1","A353"
"hola_calidad_requirement_1161_41814099","9_evaluation","hola_calidad_clause_147_661374fd","Determinar los métodos para obtener, realizar el seguimiento y revisar esta información.","","9.1.2.2","A354"
"hola_calidad_requirement_1162_5574c7d6","9_evaluation","hola_calidad_clause_147_661374fd","Analizar y evaluar los datos y la información apropiados que surgen por el seguimiento y la medición.","","9.1.3.1","A356"
"hola_calidad_requirement_1163_c8068ad1","9_evaluation","hola_calidad_clause_147_661374fd","La conformidad de los productos y servicios","","9.1.3.2","A357"
"hola_calidad_requirement_1164_732f1c07","9_evaluation","hola_calidad_clause_147_661374fd","El grado de satisfacción del cliente","","9.1.3.3","A358"
"hola_calidad_requirement_1165_660e21be","9_evaluation","hola_calidad_clause_147_661374fd","El desempeño y la eficacia del SGC","","9.1.3.4","A359"
"hola_calidad_requirement_1166_5fc36e30","9_evaluation","hola_calidad_clause_147_661374fd","Si lo planificado se ha implementado de forma eficaz","","9.1.3.5","A360"
"hola_calidad_requirement_1167_5f998e45","9_evaluation","hola_calidad_clause_147_661374fd","La eficacia de las acciones tomadas para abordar los riesgos y oportunidades","","9.1.3.6","A361"
"hola_calidad_requirement_1168_989bdd12","9_evaluation","hola_calidad_clause_147_661374fd","El desempeño de los proveedores externos","","9.1.3.7","A362"
"hola_calidad_requirement_1169_ab8d0088","9_evaluation","hola_calidad_clause_147_661374fd","La necesidad de mejoras en el SGC","","9.1.3.8","A363"
"hola_calidad_requirement_1170_87a69dae","9_evaluation","hola_calidad_clause_148_ed19016b","Llevar a cabo auditorías internas a intervalos planificados para proporcionar información acerca de si el SGC","","9.2.1.1","A366"
"hola_calidad_requirement_1171_e5406aa9","9_evaluation","hola_calidad_clause_148_ed19016b","Es conforme con los requisitos propios de la organización para su sistema de gestión de la calidad","","9.2.1.2","A367"
"hola_calidad_requirement_1172_1331f24e","9_evaluation","hola_calidad_clause_148_ed19016b","Es conforme con los requisitos de esta Norma Internacional","","9.2.1.3","A368"
"hola_calidad_requirement_1173_05c0884d","9_evaluation","hola_calidad_clause_148_ed19016b","Se implementa y mantiene eficazmente","","9.2.1.4","A369"
"hola_calidad_requirement_1174_52e0ab48","9_evaluation","hola_calidad_clause_148_ed19016b","Planificar, establecer, implementar y mantener uno o varios programas de auditoría que incluyan la frecuencia, los métodos, las responsabilidades, los requisitos de planificación y la elaboración de informes, que deben tener en consideración la importancia de los procesos involucrados, los cambios que afecten a la organización y los resultados de las auditorías previas.","","9.2.2.1","A371"
"hola_calidad_requirement_1175_30f1bf2d","9_evaluation","hola_calidad_clause_148_ed19016b","Definir los criterios de la auditoría y el alcance para cada auditoría","","9.2.2.2","A372"
"hola_calidad_requirement_1176_a5acbacb","9_evaluation","hola_calidad_clause_148_ed19016b","Seleccionar los auditores y llevar a cabo auditorías para asegurarse de la objetividad y la imparcialidad del proceso de auditoría","","9.2.2.3","A373"
"hola_calidad_requirement_1177_22b700a1","9_evaluation","hola_calidad_clause_148_ed19016b","Asegurarse de que los resultados de las auditorías se informen a la dirección pertinente","","9.2.2.4","A374"
"hola_calidad_requirement_1178_416186d5","9_evaluation","hola_calidad_clause_148_ed19016b","Realizar las correcciones y tomar las acciones correctivas adecuadas sin demora injustificada","","9.2.2.5","A375"
"hola_calidad_requirement_1179_69ef578f","9_evaluation","hola_calidad_clause_148_ed19016b","Conservar información documentada como evidencia de la implementación del programa de auditoría y de los resultados de las auditorías","","9.2.2.6","A376"
"hola_calidad_requirement_1180_0ae423ba","9_evaluation","hola_calidad_clause_149_e35738b1","La alta dirección debe revisar el SGC de la organización a intervalos planificados, para asegurarse de su conveniencia, adecuación, eficacia y alineación continuas con la dirección estratégica de la organización","","9.3.1.1","A379"
"hola_calidad_requirement_1181_d7a52c4b","9_evaluation","hola_calidad_clause_149_e35738b1","Incluidas las tendencias relativas a los resultados de seguimiento y medición","","9.3.2.1","A381"
"hola_calidad_requirement_1182_509b6ab0","9_evaluation","hola_calidad_clause_149_e35738b1","Incluidas las tendencias relativas a los resultados de las auditorías","","9.3.2.2","A382"
"hola_calidad_requirement_1183_011358bc","9_evaluation","hola_calidad_clause_149_e35738b1","Incluidas las tendencias relativas a el desempeño de los proveedores externos","","9.3.2.3","A383"
"hola_calidad_requirement_1184_4c60c381","9_evaluation","hola_calidad_clause_149_e35738b1","La adecuación de los recursos","","9.3.2.4","A384"
"hola_calidad_requirement_1185_639baece","9_evaluation","hola_calidad_clause_149_e35738b1","La eficacia de las acciones tomadas para abordar los riesgos y las oportunidades (Véase 6.1)","","9.3.2.5","A385"
"hola_calidad_requirement_1186_e8975153","9_evaluation","hola_calidad_clause_149_e35738b1","Las oportunidades de mejora","","9.3.2.6","A386"
"hola_calidad_requirement_1187_f2779506","9_evaluation","hola_calidad_clause_149_e35738b1","Oportunidades de mejora","","9.3.3.1","A388"
"hola_calidad_requirement_1188_e3823675","9_evaluation","hola_calidad_clause_149_e35738b1","Necesidad de cambio en el SGC","","9.3.3.2","A389"
"hola_calidad_requirement_1189_c17244e3","9_evaluation","hola_calidad_clause_149_e35738b1","Necesidades de recursos","","9.3.3.3","A390"
"hola_calidad_requirement_1190_20a21b8c","9_evaluation","hola_calidad_clause_149_e35738b1","Conservar la información documentada como evidencia de los resultados de las revisiones por la dirección","","9.3.3.4","A391"
"hola_calidad_requirement_1191_2741e92a","10_improvement","hola_calidad_clause_150_af1f3836","Determinar y seleccionar las oportunidades de mejora e implementar cualquier acción para cumplir los requisitos del cliente y aumentar la satisfacción del cliente.","","10.1.1","A394"
"hola_calidad_requirement_1192_2e505406","10_improvement","hola_calidad_clause_150_af1f3836","Mejorar los productos y servicios para cumplir los requisitos, así como considerar las necesidades y expectativas futuras","","10.1.2","A395"
"hola_calidad_requirement_1193_24ee017a","10_improvement","hola_calidad_clause_150_af1f3836","Corregir, prevenir o reducir los efectos no deseados","","10.1.3","A396"
"hola_calidad_requirement_1194_6c4d710e","10_improvement","hola_calidad_clause_150_af1f3836","Mejorar el desempeño y la eficacia del SGC","","10.1.4","A397"
"hola_calidad_requirement_1195_595e99ba","10_improvement","hola_calidad_clause_151_87db943c","Reaccionar ante la No conformidad y, cuando sea aplicable Tomar acciones para controlarla y corregirla","","10.2.1.1","A400"
"hola_calidad_requirement_1196_ae8a7a58","10_improvement","hola_calidad_clause_151_87db943c","Reaccionar ante la No conformidad y, cuando sea aplicable Hacer frente a las consecuencias","","10.2.1.2","A401"
"hola_calidad_requirement_1197_576630dc","10_improvement","hola_calidad_clause_151_87db943c","Evaluar la necesidad de acciones para eliminar las causas de la No conformidad, con el fin de que no vuelva a ocurrir en otra parte La revisión y el análisis de la No conformidad","","10.2.1.3","A402"
"hola_calidad_requirement_1198_c29ede36","10_improvement","hola_calidad_clause_151_87db943c","Evaluar la necesidad de acciones para eliminar las causas de la No conformidad, con el fin de que no vuelva a ocurrir en otra parte La determinación de las causas de la No conformidad","","10.2.1.4","A403"
"hola_calidad_requirement_1199_bcd8958c","10_improvement","hola_calidad_clause_151_87db943c","Evaluar la necesidad de acciones para eliminar las causas de la No conformidad, con el fin de que no vuelva a ocurrir en otra parte La determinación de si existen No conformidad similares,  que potencialmente puedan ocurrir","","10.2.1.5","A404"
"hola_calidad_requirement_1200_f5c9f82d","10_improvement","hola_calidad_clause_151_87db943c","Implementar cualquier acción necesaria","","10.2.1.6","A405"
"hola_calidad_requirement_1201_f4dcbf56","10_improvement","hola_calidad_clause_151_87db943c","Revisar la eficacia de cualquier acción correctiva tomada","","10.2.1.7","A406"
"hola_calidad_requirement_1202_e2916b6c","10_improvement","hola_calidad_clause_151_87db943c","Si fuera necesario, actualizar los riesgos y oportunidades determinados durante la planificación","","10.2.1.8","A407"
"hola_calidad_requirement_1203_a6437122","10_improvement","hola_calidad_clause_151_87db943c","Si fuera necesario, hacer cambios al SGC","","10.2.1.9","A408"
"hola_calidad_requirement_1204_e775d621","10_improvement","hola_calidad_clause_151_87db943c","Las acciones correctivas deben ser apropiadas a los efectos de las No conformidades encontradas","","10.2.1.10","A409"
"hola_calidad_requirement_1205_4efb91b8","10_improvement","hola_calidad_clause_151_87db943c","La naturaleza de las No conformidades y cualquier acción tomada posteriormente","","10.2.2.1","A411"
"hola_calidad_requirement_1206_caeb72d4","10_improvement","hola_calidad_clause_151_87db943c","Los resultados de cualquier acción correctiva","","10.2.2.2","A412"
"hola_calidad_requirement_1207_a9582bca","10_improvement","hola_calidad_clause_153_8057cd51","La organización debe mejorar continuamente la conveniencia, adecuación y eficacia del SGC","","10.3.1","A414"
"hola_calidad_requirement_1208_ab310b95","10_improvement","hola_calidad_clause_153_8057cd51","Considerar los resultados del análisis y la evaluación, y las salidas de la revisión por la dirección, para determinar si hay necesidades u oportunidades que deben considerarse como parte de la mejora continua","","10.3.2","A415"
